[
  {
    "type": "PHOTO",
    "id": "pic1",
    "title": "Photo 1",
    "dataMap": {}
  },
  {
    "type": "SINGLE_CHOICE",
    "id": "choice1",
    "title": "Photo 1 choice",
    "dataMap": {
      "options": [
        "Good",
        "OK",
        "Bad"
      ]
    }
  },
  {
    "type": "COMMENT",
    "id": "comment1",
    "title": "Photo 1 comments",
    "dataMap": {}
  },
  {
    "type": "PHOTO",
    "id": "pic2",
    "title": "Photo 2",
    "dataMap": {}
  },
  {
    "type": "SINGLE_CHOICE",
    "id": "choice2",
    "title": "Photo 2 choice",
    "dataMap": {
      "options": [
        "Good",
        "OK",
        "Bad"
      ]
    }
  },
  {
    "type": "COMMENT",
    "id": "comment2",
    "title": "Photo 2 comments",
    "dataMap": {}
  },
  {
    "type": "COMMENT",
    "id": "comment3",
    "title": "Photo 3 comments",
    "dataMap": {}
  },
  {
    "type": "PHOTO",
    "id": "pic3",
    "title": "Photo 3",
    "dataMap": {}
  },
  {
    "type": "SINGLE_CHOICE",
    "id": "choice2",
    "title": "Photo 3 choice",
    "dataMap": {
      "options": [
        "Nice",
        "Not Nice"
      ]
    }
  },
  {
    "type": "SINGLE_CHOICE",
    "id": "choice4",
    "title": "Photo 4 type",
    "dataMap": {
      "options": [
        "Document",
        "Face"
      ]
    }
  },
  {
    "type": "PHOTO",
    "id": "pic4",
    "title": "Photo 4",
    "dataMap": {}
  }
]
